case_id,benchmark_level1_id,dimension,mode,source_task_type,duration_seconds,resolution_class,aspect_ratio,reference_files,cited_image_indices,uncited_reference_files,video_present
cn300v2_7da0424e91fd037b739c20f8,13,13_style_visual_control,f2va,i2v,5,720P,9:16,input_01.png,,input_01.png,False
cn300v2_9b79e37aa1b23e6c080739a8,13,13_style_visual_control,f2va,i2v,10,720P,9:16,input_01.jpg,,input_01.jpg,False
cn300v2_a295d349c21b333376ba059e,13,13_style_visual_control,f2va,i2v,10,720P,16:9,input_01.jpg,,input_01.jpg,False
cn300v2_acd9b9a2a47ae7744781312b,13,13_style_visual_control,f2va,i2v,10,720P,16:9,input_01.png,,input_01.png,False
cn300v2_fe44e6cede57ab568a9d784f,13,13_style_visual_control,f2va,i2v,10,720P,9:16,input_01.png,,input_01.png,False
cn300v2_11894ae55bab5c6c0619d860,13,13_style_visual_control,r2va,ref2v,5,720P,9:16,input_01.png;input_02.jpg,,input_01.png;input_02.jpg,False
cn300v2_6997a3e77357cb807609184d,13,13_style_visual_control,r2va,ref2v,5,720P,16:9,input_01.jpg,,input_01.jpg,False
cn300v2_6ceadf530a8e7d3217fbd093,13,13_style_visual_control,r2va,ref2v,8,720P,16:9,input_01.png,,input_01.png,False
cn300v2_d355ef303cf157262c97fab5,13,13_style_visual_control,r2va,ref2v,5,720P,9:16,input_01.jpg,,input_01.jpg,False
cn300v2_2d29202d81f63d6b8f885108,13,13_style_visual_control,t2va,t2v,5,720P,9:16,,,,False
cn300v2_3aad9d51016103ed26766f2a,13,13_style_visual_control,t2va,t2v,5,720P,16:9,,,,False
cn300v2_6ac9a1e418ba58994887c0a2,13,13_style_visual_control,t2va,t2v,6,720P,9:16,,,,False
cn300v2_9a9b254e652207aed0b1e6b9,13,13_style_visual_control,t2va,t2v,5,720P,16:9,,,,False
cn300v2_9e12c7383526506f850c9629,13,13_style_visual_control,t2va,t2v,4,720P,16:9,,,,False
cn300v2_e11fa39fcdf3258322ad51fa,13,13_style_visual_control,t2va,t2v,8,720P,9:16,,,,False
cn300v2_e995e904f690e4656f780349,13,13_style_visual_control,t2va,t2v,8,720P,9:16,,,,False
cn300v2_005658daee4d47c97afab1e1,14,14_edit_controllable_gen,f2va,i2v,7,720P,9:16,input_01.png,,input_01.png,False
cn300v2_21a42b9be008c9aa77605e1e,14,14_edit_controllable_gen,f2va,i2v,6,720P,9:16,input_01.jpg,,input_01.jpg,False
cn300v2_4355bc767b91cd125b893fce,14,14_edit_controllable_gen,f2va,i2v,10,720P,9:16,input_01.png,,input_01.png,False
cn300v2_86a258fd7f7e82016ccba9db,14,14_edit_controllable_gen,f2va,i2v,4,720P,9:16,input_01.jpg,,input_01.jpg,False
cn300v2_8a1c8ca01ac86b37c1ff1655,14,14_edit_controllable_gen,f2va,i2v,10,720P,9:16,input_01.jpg,,input_01.jpg,False
cn300v2_9af2ee463aa02434cbf4fb6e,14,14_edit_controllable_gen,f2va,i2v,5,720P,16:9,input_01.jpg,,input_01.jpg,False
cn300v2_a182e5df137e8a9b8e897dbc,14,14_edit_controllable_gen,f2va,i2v,10,720P,16:9,input_01.jpg,,input_01.jpg,False
cn300v2_f7f25619bf68c6214c118220,14,14_edit_controllable_gen,f2va,i2v,12,720P,16:9,input_01.jpg,,input_01.jpg,False
cn300v2_22fec53a92b32d07fecf70e6,14,14_edit_controllable_gen,r2va,ref2v,5,720P,9:16,input_01.jpg;input_02.jpg;input_03.png,,input_01.jpg;input_02.jpg;input_03.png,False
cn300v2_269f22c38ce5527ce274e587,14,14_edit_controllable_gen,r2va,ref2v,6,720P,16:9,input_01.png,,input_01.png,False
cn300v2_2ae04929b6a752de32582c14,14,14_edit_controllable_gen,r2va,ref2v,10,720P,9:16,input_01.jpg;input_02.jpg;input_03.jpg,,input_01.jpg;input_02.jpg;input_03.jpg,False
cn300v2_791e452084c0a538ea67e0d5,14,14_edit_controllable_gen,r2va,ref2v,4,720P,9:16,input_01.jpg;input_02.jpg;input_03.jpg,,input_01.jpg;input_02.jpg;input_03.jpg,False
cn300v2_8a0780aa9f2799ad97983dd6,14,14_edit_controllable_gen,r2va,ref2v,8,720P,9:16,input_01.jpg;input_02.jpg,,input_01.jpg;input_02.jpg,False
cn300v2_a6d96044a02d2a863b492e27,14,14_edit_controllable_gen,r2va,ref2v,10,720P,9:16,input_01.jpg;input_02.jpg,,input_01.jpg;input_02.jpg,False
cn300v2_c67496eb1c9ad56fca779c18,14,14_edit_controllable_gen,r2va,ref2v,10,720P,4:3,input_01.jpg,,input_01.jpg,False
cn300v2_f6ff59ee84e3a5c3a108c118,14,14_edit_controllable_gen,r2va,ref2v,8,720P,1:1,input_01.jpg;input_02.jpg,,input_01.jpg;input_02.jpg,False
cn300v2_04c07fc2319035772f18a253,15,15_audio_quality_control,f2va,i2v,5,720P,16:9,input_01.jpg,,input_01.jpg,False
cn300v2_b54bcea1198583c0ffab2cdb,15,15_audio_quality_control,f2va,i2v,6,720P,9:16,input_01.png,,input_01.png,False
cn300v2_dd1ce497754a8aa5333411ba,15,15_audio_quality_control,f2va,i2v,8,720P,16:9,input_01.png,,input_01.png,False
cn300v2_e65896fc7fcf679f9f44205a,15,15_audio_quality_control,f2va,i2v,6,720P,9:16,input_01.png,,input_01.png,False
cn300v2_f85ffb2b4862b1696b095f76,15,15_audio_quality_control,f2va,i2v,6,720P,9:16,input_01.png,,input_01.png,False
cn300v2_30207506945f009ecc7b56a8,15,15_audio_quality_control,r2va,ref2v,12,720P,9:16,input_01.jpg,,input_01.jpg,False
cn300v2_50aad6a532aead2007cc02cc,15,15_audio_quality_control,r2va,ref2v,7,720P,9:16,input_01.png,,input_01.png,False
cn300v2_d9b293e0c355f4e682f9ae3e,15,15_audio_quality_control,r2va,ref2v,6,720P,16:9,input_01.jpg,,input_01.jpg,False
cn300v2_dd0079a15cf020a392c3470c,15,15_audio_quality_control,r2va,ref2v,7,720P,9:16,input_01.png,,input_01.png,False
cn300v2_fb42c09399dbc47fc834158f,15,15_audio_quality_control,r2va,ref2v,10,720P,16:9,input_01.png;input_02.png,,input_01.png;input_02.png,False
cn300v2_45cc8c6581fcd6b7cd9f4bb8,15,15_audio_quality_control,t2va,t2v,10,720P,16:9,,,,False
cn300v2_8dff2ef98cb4f764a43e4590,15,15_audio_quality_control,t2va,t2v,5,720P,16:9,,,,False
cn300v2_931643dae1211c1656fdf428,15,15_audio_quality_control,t2va,t2v,10,720P,16:9,,,,False
cn300v2_be7fd66838ca1baa43abd60d,15,15_audio_quality_control,t2va,t2v,6,720P,9:16,,,,False
cn300v2_e96fa6e01790897e7a1ce407,15,15_audio_quality_control,t2va,t2v,10,720P,16:9,,,,False
cn300v2_f2cde177cd7ceab3c8b2f65d,15,15_audio_quality_control,t2va,t2v,5,720P,9:16,,,,False
cn300v2_3135d216f7b4c2665acc7f48,16,16_audio_visual_sync,f2va,i2v,4,720P,16:9,input_01.jpg,,input_01.jpg,False
cn300v2_4c91c3567b0378da134dcf82,16,16_audio_visual_sync,f2va,i2v,5,720P,9:16,input_01.png,,input_01.png,False
cn300v2_9df8248dc08feee6d45b25f7,16,16_audio_visual_sync,f2va,i2v,7,720P,16:9,input_01.jpg,,input_01.jpg,False
cn300v2_b295dbc9813cc25ea850b123,16,16_audio_visual_sync,f2va,i2v,7,720P,16:9,input_01.png,,input_01.png,False
cn300v2_f206abe7475eb466d56e5c70,16,16_audio_visual_sync,f2va,i2v,5,720P,16:9,input_01.jpg,,input_01.jpg,False
cn300v2_f620cf7d7caf69ad8efb9d32,16,16_audio_visual_sync,f2va,i2v,5,720P,16:9,input_01.jpg,,input_01.jpg,False
cn300v2_391fa16ac16b61a299c189ca,16,16_audio_visual_sync,r2va,ref2v,6,720P,16:9,input_01.png;input_02.jpg,,input_01.png;input_02.jpg,False
cn300v2_69a1e01c4e60ae0762c0c8a8,16,16_audio_visual_sync,r2va,ref2v,8,720P,16:9,input_01.jpg;input_02.jpg,,input_01.jpg;input_02.jpg,False
cn300v2_52b982b2ce074a2bcbcafbd1,16,16_audio_visual_sync,t2va,t2v,5,720P,16:9,,,,False
cn300v2_56df3d7aa1eaee5cefe39866,16,16_audio_visual_sync,t2va,t2v,10,720P,9:16,,,,False
cn300v2_5c59fe353d36392a869fb45b,16,16_audio_visual_sync,t2va,t2v,4,720P,16:9,,,,False
cn300v2_6a4e8d3b81e8e3a167885488,16,16_audio_visual_sync,t2va,t2v,6,720P,16:9,,,,False
cn300v2_811d980ea5bbeac0b1bdf3ca,16,16_audio_visual_sync,t2va,t2v,5,720P,16:9,,,,False
cn300v2_b2c6572250799cebce75c064,16,16_audio_visual_sync,t2va,t2v,4,720P,16:9,,,,False
cn300v2_e711ba1285cc681c52ca2e1c,16,16_audio_visual_sync,t2va,t2v,7,720P,16:9,,,,False
cn300v2_ff5049fa81fa8313f9513763,16,16_audio_visual_sync,t2va,t2v,5,720P,16:9,,,,False
cn300v2_09523556e947700bfb0bd43e,17,17_motion_temporal_consistency,f2va,i2v,8,720P,3:4,input_01.jpg,,input_01.jpg,False
cn300v2_2089cd516d9620f0caa8d77a,17,17_motion_temporal_consistency,f2va,i2v,10,720P,9:16,input_01.jpg,,input_01.jpg,False
cn300v2_406c44fa2241e4e6c18f67ed,17,17_motion_temporal_consistency,f2va,i2v,5,720P,9:16,input_01.jpg,,input_01.jpg,False
cn300v2_5364a493237112b0879f56f6,17,17_motion_temporal_consistency,f2va,i2v,10,720P,9:16,input_01.jpg,,input_01.jpg,False
cn300v2_672b57028d68910f7ab793b6,17,17_motion_temporal_consistency,f2va,i2v,5,720P,9:16,input_01.png,,input_01.png,False
cn300v2_e556719b3d857002f04f4052,17,17_motion_temporal_consistency,f2va,i2v,5,720P,9:16,input_01.png,,input_01.png,False
cn300v2_ff97b499ee4920546be4cc4b,17,17_motion_temporal_consistency,f2va,i2v,5,720P,9:16,input_01.jpg,,input_01.jpg,False
cn300v2_16148aeb9bba4a27374b614c,17,17_motion_temporal_consistency,r2va,ref2v,10,720P,9:16,input_01.png,1,,False
cn300v2_268d13c7472a769c64526092,17,17_motion_temporal_consistency,r2va,ref2v,6,720P,9:16,input_01.jpg;input_02.jpg,1,input_02.jpg,False
cn300v2_580b7fc23f54591997a42f0b,17,17_motion_temporal_consistency,r2va,ref2v,5,720P,9:16,input_01.jpg,,input_01.jpg,False
cn300v2_b48035db25b1d51060339e78,17,17_motion_temporal_consistency,r2va,ref2v,8,720P,9:16,input_01.jpg,,input_01.jpg,False
cn300v2_e4c252421894b4c0b931f41f,17,17_motion_temporal_consistency,r2va,ref2v,8,720P,9:16,input_01.jpg;input_02.png,,input_01.jpg;input_02.png,False
cn300v2_f2aef092a4f421988e17db74,17,17_motion_temporal_consistency,r2va,ref2v,10,720P,9:16,input_01.jpg,,input_01.jpg,False
cn300v2_f74bb962b1e50d1fd3d89aae,17,17_motion_temporal_consistency,r2va,ref2v,8,720P,9:16,input_01.jpg;input_02.jpg,,input_01.jpg;input_02.jpg,False
cn300v2_1a76c8868300f0637c96b6fd,17,17_motion_temporal_consistency,t2va,t2v,8,720P,9:16,,,,False
cn300v2_df0209e2a847263679b45b49,17,17_motion_temporal_consistency,t2va,t2v,10,720P,16:9,,,,False
cn300v2_24472ae91ce600345e8035ec,18,18_text_visual_consistency,f2va,i2v,6,720P,16:9,input_01.png,,input_01.png,False
cn300v2_57e3df2b6a82863ea81cc6e3,18,18_text_visual_consistency,f2va,i2v,4,720P,9:16,input_01.png,,input_01.png,False
cn300v2_72fac3512804fbbdd2538282,18,18_text_visual_consistency,f2va,i2v,8,720P,16:9,input_01.jpg,,input_01.jpg,False
cn300v2_79a6bf36433856f56de00e75,18,18_text_visual_consistency,f2va,i2v,5,720P,16:9,input_01.jpg,,input_01.jpg,False
cn300v2_8502540139a4c6b636efef2d,18,18_text_visual_consistency,f2va,i2v,6,720P,16:9,input_01.jpg,,input_01.jpg,False
cn300v2_6c02f51e19868c541cff24ae,18,18_text_visual_consistency,r2va,ref2v,12,720P,9:16,input_01.png;input_02.png;input_03.png,,input_01.png;input_02.png;input_03.png,False
cn300v2_7ce44c600d352c25ade20b7f,18,18_text_visual_consistency,r2va,ref2v,10,720P,9:16,input_01.png;input_02.png,,input_01.png;input_02.png,False
cn300v2_b4c1a5a15601c80ae523ea57,18,18_text_visual_consistency,r2va,ref2v,12,720P,9:16,input_01.jpg,,input_01.jpg,False
cn300v2_d6e01efad2c3b2d9a5649829,18,18_text_visual_consistency,r2va,ref2v,12,720P,16:9,input_01.png;input_02.png;input_03.png,,input_01.png;input_02.png;input_03.png,False
cn300v2_f42fb5d653d90d737f54b5fd,18,18_text_visual_consistency,r2va,ref2v,10,720P,9:16,input_01.jpg;input_02.jpg,,input_01.jpg;input_02.jpg,False
cn300v2_42134a052fc5b3360e470bdb,18,18_text_visual_consistency,t2va,t2v,10,720P,16:9,,,,False
cn300v2_5b7230f85d3f54a36c5d7863,18,18_text_visual_consistency,t2va,t2v,10,720P,9:16,,,,False
cn300v2_81eaa248f82e75405fc7804f,18,18_text_visual_consistency,t2va,t2v,10,720P,9:16,,,,False
cn300v2_a355c019bb3ea13ea1187b82,18,18_text_visual_consistency,t2va,t2v,10,720P,16:9,,,,False
cn300v2_b020e876b7a5715aec0fa06c,18,18_text_visual_consistency,t2va,t2v,4,720P,16:9,,,,False
cn300v2_b8cd3bd893d1847727d1f39d,18,18_text_visual_consistency,t2va,t2v,5,720P,9:16,,,,False
